Sample,Cont_T,Type_L,Cont_1,Type_3,PSU2,PSU3,PSU4,PSU5,PSU8,PSE1,PSE2,PSE3,PSE4,PSE7,RCB2,RCB3,RCB4,RCB5,RCB7,Gene_Code,Age_Code,Education_Code,Duration_Code,Gen_C,Age_C,Edu_C,Dura_C,Trust,Discrm,AI_Kno,AI_Dist,MPSU,MPSE,MRCB,Cont,trace,interact
1,2,2,6,1,2,6,5,6,2,2,4,4,2,3,5,5,4,5,2,女,18-24岁,本科,2小时以上,2,2,3,4,6,4,3,3,4.2,3,4.2,1,0,0
2,1,2,2,2,5,6,5,6,6,3,4,4,5,4,4,4,5,5,5,女,18-24岁,本科,30-60分钟,2,2,3,2,5,5,5,3,5.6,4,4.6,0,0,0
3,2,2,6,3,6,7,7,7,7,4,7,7,5,7,3,3,2,2,1,女,18-24岁,本科,30-60分钟,2,2,3,2,5,4,3,3,6.8,6,2.2,1,0,0
4,2,1,6,6,1,2,2,3,2,3,5,6,5,7,6,6,7,6,6,女,18-24岁,本科,30-60分钟,2,2,3,2,5,4,5,5,2,5.2,6.2,1,1,1
5,1,1,2,5,3,1,2,2,1,5,5,6,6,7,5,6,5,7,6,女,18-24岁,硕士及以上,1-2小时,2,2,4,3,4,6,5,6,1.8,5.8,5.8,0,1,0
6,1,1,3,6,3,3,2,5,3,5,5,5,6,6,6,6,6,7,6,女,18-24岁,本科,1-2小时,2,2,3,3,3,6,6,6,3.2,5.4,6.2,0,1,0
7,2,2,6,3,7,7,6,6,6,5,7,6,6,7,2,6,4,7,7,女,18-24岁,本科,30-60分钟,2,2,3,2,5,6,7,7,6.4,6.2,5.2,1,0,0
8,1,1,2,4,2,5,5,6,2,4,5,4,6,5,6,5,4,6,7,女,18-24岁,本科,1-2小时,2,2,3,3,4,5,3,4,4,4.8,5.6,0,1,0
9,1,2,1,2,5,6,7,5,7,3,2,2,6,5,5,5,3,6,3,女,18-24岁,本科,2小时以上,2,2,3,4,7,4,5,3,6,3.6,4.4,0,0,0
10,1,1,1,6,3,5,4,5,2,7,7,6,7,7,5,6,5,7,6,男,18-24岁,本科,1-2小时,1,2,3,3,5,6,6,6,3.8,6.8,5.8,0,1,0
11,2,2,7,4,6,6,5,7,5,4,5,6,7,5,6,7,5,7,6,女,18-24岁,本科,2小时以上,2,2,3,4,5,6,6,5,5.8,5.4,6.2,1,0,0
12,2,2,6,2,6,6,5,6,5,4,4,5,5,7,6,6,7,7,6,女,18-24岁,本科,30-60分钟,2,2,3,2,5,5,6,5,5.6,5,6.4,1,0,0
13,2,2,7,2,6,7,6,7,7,6,5,6,7,6,5,5,6,5,7,女,18-24岁,本科,1-2小时,2,2,3,3,5,4,5,5,6.6,6,5.6,1,0,0
14,2,2,5,3,5,4,3,3,4,3,3,2,3,3,5,5,4,4,4,女,18-24岁,本科,30-60分钟,2,2,3,2,4,4,3,3,3.8,2.8,4.4,1,0,0
15,2,1,6,7,1,1,1,1,1,5,6,6,6,5,4,4,7,3,7,女,18-24岁,本科,1-2小时,2,2,3,3,4,6,6,7,1,5.6,5,1,1,1
16,2,2,5,4,6,7,6,7,7,7,6,5,5,6,4,4,5,4,6,女,18-24岁,本科,2小时以上,2,2,3,4,5,4,5,4,6.6,5.8,4.6,1,0,0
17,2,2,7,1,2,6,1,2,1,1,2,2,4,2,6,7,6,7,7,女,18-24岁,本科,2小时以上,2,2,3,4,6,6,6,7,2.4,2.2,6.6,1,0,0
18,1,2,1,1,6,7,7,7,7,1,3,3,6,6,1,1,3,5,3,女,18-24岁,本科,1-2小时,2,2,3,3,6,4,2,2,6.8,3.8,2.6,0,0,0
19,2,1,6,7,6,2,1,1,1,5,6,6,6,6,4,6,7,5,6,女,18-24岁,本科,2小时以上,2,2,3,4,2,5,5,5,2.2,5.8,5.6,1,1,1
20,1,2,2,1,6,7,6,7,6,2,3,2,3,3,2,3,4,5,5,男,18-24岁,硕士及以上,1-2小时,1,2,4,3,5,5,5,5,6.4,2.6,3.8,0,0,0
21,1,1,2,3,5,4,3,3,5,4,4,4,4,5,3,3,6,6,4,女,18-24岁,大专,30-60分钟,2,2,2,2,4,5,4,5,4,4.2,4.4,0,1,0
22,1,2,1,1,7,7,6,7,7,2,3,1,6,3,2,3,3,6,5,女,18-24岁,本科,30-60分钟,2,2,3,2,6,3,5,2,6.8,3,3.8,0,0,0
23,1,1,2,3,5,5,4,4,6,5,5,6,6,5,4,4,5,4,4,女,18-24岁,本科,30-60分钟,2,2,3,2,3,4,5,4,4.8,5.4,4.2,0,1,0
24,2,2,5,4,6,4,4,4,5,3,6,5,7,6,3,5,5,5,5,女,18-24岁,本科,2小时以上,2,2,3,4,4,5,5,3,4.6,5.4,4.6,1,0,0
25,1,1,2,6,2,3,3,2,2,4,2,2,6,6,6,7,7,6,7,男,18-24岁,本科,30-60分钟,1,2,3,2,4,6,6,7,2.4,4,6.6,0,1,0
26,1,1,1,7,1,2,1,2,1,2,3,1,6,7,6,5,7,4,5,男,18-24岁,大专,2小时以上,1,2,2,4,3,7,5,5,1.4,3.8,5.4,0,1,0
27,2,2,7,2,5,6,6,7,5,4,5,6,6,6,5,5,5,6,5,男,18-24岁,本科,30-60分钟,1,2,3,2,5,6,6,5,5.8,5.4,5.2,1,0,0
28,2,1,7,7,2,1,2,2,1,7,5,6,5,5,7,5,6,7,7,男,18-24岁,本科,1-2小时,1,2,3,3,2,7,5,6,1.6,5.6,6.4,1,1,1
29,1,2,1,1,7,7,7,7,7,2,5,5,5,5,3,3,3,4,4,男,18-24岁,本科,2小时以上,1,2,3,4,6,4,5,3,7,4.4,3.4,0,0,0
30,1,1,1,5,3,3,2,4,3,6,5,5,5,5,5,6,5,6,5,男,18-24岁,本科,2小时以上,1,2,3,4,4,3,4,3,3,5.2,5.4,0,1,0
31,2,2,5,4,5,5,4,5,6,4,4,3,4,4,6,5,5,6,5,女,18-24岁,本科,2小时以上,2,2,3,4,4,5,4,4,5,3.8,5.4,1,0,0
32,2,1,7,6,4,3,1,3,2,4,5,6,6,5,6,7,5,7,7,女,18-24岁,本科,2小时以上,2,2,3,4,4,7,6,7,2.6,5.2,6.4,1,1,1
33,1,2,1,1,1,7,7,7,7,1,1,2,3,3,1,1,1,1,1,男,18-24岁,本科,30-60分钟,1,2,3,2,6,2,5,3,5.8,2,1,0,0,0
34,1,2,1,1,7,7,7,6,7,4,5,4,4,5,4,3,4,4,5,男,18-24岁,大专,1-2小时,1,2,2,3,5,6,6,4,6.8,4.4,4,0,0,0
35,2,1,6,7,1,3,3,2,1,6,5,7,6,7,7,6,7,7,7,女,18-24岁,高中及以下,30-60分钟,2,2,1,2,5,5,5,6,2,6.2,6.8,1,1,1
36,1,2,2,2,5,6,6,6,6,3,3,4,4,5,7,5,3,7,5,女,18-24岁,本科,2小时以上,2,2,3,4,5,5,5,5,5.8,3.8,5.4,0,0,0
37,2,2,6,1,1,3,2,1,3,1,3,2,6,6,5,7,6,7,6,男,18-24岁,本科,2小时以上,1,2,3,4,6,7,5,6,2,3.6,6.2,1,0,0
38,2,2,6,4,6,4,2,5,4,3,7,6,6,5,4,5,5,3,5,女,18-24岁,本科,1-2小时,2,2,3,3,4,5,5,4,4.2,5.4,4.4,1,0,0
39,2,1,7,7,2,3,2,3,2,5,6,7,6,6,6,7,7,6,7,女,18-24岁,本科,1-2小时,2,2,3,3,5,7,6,6,2.4,6,6.6,1,1,1
40,2,1,5,6,5,2,3,1,3,5,7,6,6,6,5,6,7,6,7,男,18-24岁,本科,2小时以上,1,2,3,4,6,5,7,6,2.8,6,6.2,1,1,1
41,1,1,2,6,2,4,6,5,4,6,6,7,6,6,5,5,6,5,6,女,18-24岁,本科,1-2小时,2,2,3,3,5,6,6,5,4.2,6.2,5.4,0,1,0
42,1,1,2,7,3,3,2,3,2,7,6,7,7,7,6,5,6,6,6,男,18-24岁,本科,2小时以上,1,2,3,4,5,6,6,5,2.6,6.8,5.8,0,1,0
43,1,2,1,3,6,7,6,5,5,4,3,5,5,5,3,4,3,5,5,女,18-24岁,硕士及以上,1-2小时,2,2,4,3,5,6,6,4,5.8,4.4,4,0,0,0
44,1,1,2,3,5,5,4,4,5,4,4,4,6,7,4,4,5,4,6,女,18-24岁,高中及以下,2小时以上,2,2,1,4,5,4,5,5,4.6,5,4.6,0,1,0
45,2,1,7,6,2,4,2,4,2,4,5,6,6,5,5,6,5,6,6,女,18-24岁,本科,30-60分钟,2,2,3,2,4,5,6,5,2.8,5.2,5.6,1,1,1
46,2,2,6,1,7,5,7,6,7,5,7,6,7,5,6,7,5,7,5,男,18-24岁,本科,2小时以上,1,2,3,4,5,6,4,3,6.4,6,6,1,0,0
47,2,1,6,7,1,1,1,2,1,7,6,6,7,5,7,6,7,5,6,女,18-24岁,本科,2小时以上,2,2,3,4,5,6,5,7,1.2,6.2,6.2,1,1,1
48,2,1,7,7,1,2,1,2,1,7,7,7,7,6,7,6,7,6,5,女,18-24岁,大专,2小时以上,2,2,2,4,5,6,5,5,1.4,6.8,6.2,1,1,1
49,2,1,5,7,1,2,1,3,1,6,6,5,6,6,6,7,7,6,6,男,18-24岁,本科,1-2小时,1,2,3,3,5,5,6,6,1.6,5.8,6.4,1,1,1
50,1,2,2,2,6,5,5,5,6,4,4,3,5,5,4,4,5,3,3,女,18-24岁,本科,2小时以上,2,2,3,4,6,5,5,4,5.4,4.2,3.8,0,0,0
51,2,2,7,2,6,7,6,6,6,2,2,2,6,7,6,7,7,7,6,男,18-24岁,本科,1-2小时,1,2,3,3,4,5,5,5,6.2,3.8,6.6,1,0,0
52,1,2,1,2,5,7,6,6,5,3,2,2,4,3,3,5,4,5,3,女,18-24岁,本科,2小时以上,2,2,3,4,5,6,5,3,5.8,2.8,4,0,0,0
53,1,2,2,2,6,7,6,7,5,3,4,5,6,7,4,5,4,4,3,女,18-24岁,本科,1-2小时,2,2,3,3,5,3,5,4,6.2,5,4,0,0,0
54,2,2,5,3,2,4,3,4,3,5,5,5,5,5,6,6,6,7,6,男,18-24岁,本科,2小时以上,1,2,3,4,4,6,6,5,3.2,5,6.2,1,0,0
55,2,1,7,7,1,1,1,1,1,4,5,6,5,6,7,7,6,6,7,女,18-24岁,本科,2小时以上,2,2,3,4,4,5,5,6,1,5.2,6.6,1,1,1
56,1,2,1,3,5,6,4,5,6,2,2,2,2,5,2,3,7,5,4,女,18-24岁,本科,1-2小时,2,2,3,3,5,5,5,4,5.2,2.6,4.2,0,0,0
57,2,2,7,1,2,7,6,1,1,2,1,2,1,2,6,7,1,2,1,女,18-24岁,本科,2小时以上,2,2,3,4,6,7,5,6,3.4,1.6,3.4,1,0,0
58,2,1,6,6,2,3,3,2,3,5,6,6,5,5,6,6,5,6,5,女,18-24岁,本科,30-60分钟,2,2,3,2,4,5,5,6,2.6,5.4,5.6,1,1,1
59,1,2,1,2,7,7,7,5,7,4,5,4,6,7,2,1,3,4,5,女,18-24岁,本科,1-2小时,2,2,3,3,5,4,3,3,6.6,5.2,3,0,0,0
60,2,1,5,7,2,2,1,2,1,5,6,6,6,6,6,6,6,5,7,男,18-24岁,大专,2小时以上,1,2,2,4,5,4,5,5,1.6,5.8,6,1,1,1
61,2,2,7,2,6,7,6,7,6,4,6,6,6,6,6,6,6,7,4,男,18-24岁,本科,2小时以上,1,2,3,4,5,4,5,4,6.4,5.6,5.8,1,0,0
62,1,2,2,1,4,6,5,5,6,2,3,3,4,3,5,6,4,5,4,女,18-24岁,本科,1-2小时,2,2,3,3,5,6,5,5,5.2,3,4.8,0,0,0
63,2,1,7,7,1,2,1,2,1,7,7,6,7,7,7,7,6,7,7,男,18-24岁,本科,30-60分钟,1,2,3,2,4,6,7,6,1.4,6.8,6.8,1,1,1
64,2,1,6,6,5,2,1,2,2,5,5,5,5,6,2,5,7,4,5,女,18-24岁,本科,30-60分钟,2,2,3,2,4,5,5,6,2.4,5.2,4.6,1,1,1
65,1,1,3,7,3,2,2,1,2,6,6,5,6,6,6,5,6,7,5,女,18-24岁,硕士及以上,30-60分钟,2,2,4,2,5,6,6,5,2,5.8,5.8,0,1,0
66,1,2,1,2,7,7,6,4,6,4,4,4,4,4,2,2,3,2,4,女,18-24岁,本科,1-2小时,2,2,3,3,6,4,4,2,6,4,2.6,0,0,0
67,1,1,1,7,4,5,5,5,5,6,6,7,7,7,6,7,6,7,7,男,18-24岁,本科,30-60分钟,1,2,3,2,5,2,4,5,4.8,6.6,6.6,0,1,0
68,2,1,7,7,3,2,1,3,3,5,6,5,5,6,5,6,7,6,7,女,18-24岁,大专,30-60分钟,2,2,2,2,5,5,6,6,2.4,5.4,6.2,1,1,1
69,1,1,1,7,1,3,1,1,1,7,6,7,7,7,6,7,3,6,7,男,18-24岁,硕士及以上,30-60分钟,1,2,4,2,5,6,5,7,1.4,6.8,5.8,0,1,0
70,1,1,1,6,2,3,1,4,1,5,6,5,7,5,6,7,6,6,5,男,18-24岁,本科,2小时以上,1,2,3,4,4,7,6,6,2.2,5.6,6,0,1,0
71,1,1,2,5,2,3,3,2,2,5,6,5,6,6,6,5,5,6,6,女,18-24岁,本科,30-60分钟,2,2,3,2,4,5,6,5,2.4,5.6,5.6,0,1,0
72,1,1,1,4,2,3,3,3,2,3,3,4,6,5,6,6,5,5,6,女,18-24岁,本科,2小时以上,2,2,3,4,4,3,3,2,2.6,4.2,5.6,0,1,0
73,1,1,1,5,2,2,2,3,2,4,5,5,7,7,7,7,7,7,7,男,18-24岁,硕士及以上,30-60分钟,1,2,4,2,4,6,6,5,2.2,5.6,7,0,1,0
74,1,2,1,3,7,7,7,5,7,6,6,4,5,6,2,2,2,2,6,女,18-24岁,本科,30-60分钟,2,2,3,2,6,4,3,3,6.6,5.4,2.8,0,0,0
75,1,1,3,7,2,3,3,4,3,6,4,5,6,6,6,6,6,6,7,女,18-24岁,高中及以下,30分钟以内,2,2,1,1,4,5,4,5,3,5.4,6.2,0,1,0
76,1,2,2,2,6,6,6,6,6,3,2,2,2,6,6,5,5,6,4,女,18-24岁,大专,1-2小时,2,2,2,3,6,5,3,3,6,3,5.2,0,0,0
77,1,2,1,2,7,7,7,7,6,3,5,5,6,7,6,6,7,7,7,女,18-24岁,本科,1-2小时,2,2,3,3,6,7,6,6,6.8,5.2,6.6,0,0,0
78,1,1,2,3,2,1,3,2,3,1,3,1,2,1,5,7,6,5,7,男,18-24岁,本科,1-2小时,1,2,3,3,6,5,7,6,2.2,1.6,6,0,1,0
79,1,2,1,2,6,7,5,6,6,5,4,4,5,6,4,7,5,5,7,男,18-24岁,本科,2小时以上,1,2,3,4,5,4,4,3,6,4.8,5.6,0,0,0
80,2,2,6,2,7,5,6,6,7,5,6,7,5,5,2,3,3,1,1,女,18-24岁,本科,2小时以上,2,2,3,4,6,2,3,2,6.2,5.6,2,1,0,0
81,2,1,6,6,1,3,2,2,7,5,6,6,7,6,7,5,7,7,7,男,18-24岁,本科,1-2小时,1,2,3,3,7,5,7,6,3,6,6.6,1,1,1
82,2,1,7,7,1,1,1,1,1,4,6,5,5,5,7,7,7,7,7,男,18-24岁,本科,1-2小时,1,2,3,3,4,5,5,5,1,5,7,1,1,1
83,1,1,2,6,2,3,2,3,3,6,7,7,6,7,6,7,7,7,7,男,18-24岁,本科,1-2小时,1,2,3,3,3,5,5,5,2.6,6.6,6.8,0,1,0
84,2,1,7,7,2,2,1,3,1,7,7,6,7,7,7,7,7,7,7,男,18-24岁,本科,1-2小时,1,2,3,3,3,6,5,6,1.8,6.8,7,1,1,1
85,1,1,2,7,2,3,4,5,4,6,7,6,6,6,6,7,6,5,6,男,18-24岁,硕士及以上,1-2小时,1,2,4,3,6,5,6,5,3.6,6.2,6,0,1,0
86,2,1,5,5,3,2,2,1,2,5,5,6,6,6,5,6,6,7,7,女,18-24岁,硕士及以上,30-60分钟,2,2,4,2,2,6,6,7,2,5.6,6.2,1,1,1
87,2,1,7,7,1,1,1,1,1,4,5,5,6,6,6,7,7,6,7,男,18-24岁,本科,2小时以上,1,2,3,4,5,6,5,6,1,5.2,6.6,1,1,1
88,1,2,1,4,5,6,6,5,6,3,3,4,3,4,4,3,3,4,3,女,18-24岁,本科,1-2小时,2,2,3,3,5,3,4,3,5.6,3.4,3.4,0,0,0
89,2,1,7,6,3,2,2,3,3,5,6,6,7,7,5,6,6,7,6,男,18-24岁,大专,2小时以上,1,2,2,4,3,6,5,5,2.6,6.2,6,1,1,1
90,2,2,6,3,4,7,7,7,6,3,7,6,5,6,3,3,4,4,7,女,18-24岁,本科,2小时以上,2,2,3,4,6,5,5,5,6.2,5.4,4.2,1,0,0
91,2,2,5,4,6,6,5,5,6,6,5,5,6,7,5,5,5,5,6,女,18-24岁,硕士及以上,2小时以上,2,2,4,4,6,6,5,5,5.6,5.8,5.2,1,0,0
92,2,1,4,7,2,3,3,4,2,5,6,5,6,5,7,6,7,6,5,女,18-24岁,大专,2小时以上,2,2,2,4,4,6,5,6,2.8,5.4,6.2,1,1,1
93,2,2,5,4,4,6,3,3,6,3,4,5,4,5,5,5,6,6,5,女,18-24岁,大专,1-2小时,2,2,2,3,3,5,5,5,4.4,4.2,5.4,1,0,0
94,1,1,3,4,5,6,3,4,3,5,6,5,6,6,4,5,6,6,6,男,18-24岁,大专,2小时以上,1,2,2,4,5,4,5,5,4.2,5.6,5.4,0,1,0
95,1,2,1,1,6,7,6,6,6,4,4,5,6,5,5,4,4,5,4,女,18-24岁,本科,2小时以上,2,2,3,4,5,4,3,3,6.2,4.8,4.4,0,0,0
96,2,2,6,3,1,6,7,6,5,1,2,3,2,2,7,6,3,6,3,男,18-24岁,本科,2小时以上,1,2,3,4,6,5,6,5,5,2,5,1,0,0
97,2,1,6,7,2,3,3,4,4,6,6,7,6,6,5,6,7,5,7,女,18-24岁,硕士及以上,2小时以上,2,2,4,4,3,5,5,6,3.2,6.2,6,1,1,1
98,2,2,5,4,3,3,2,2,3,6,6,6,6,6,6,6,6,6,7,男,18-24岁,本科,30-60分钟,1,2,3,2,5,6,6,5,2.6,6,6.2,1,0,0
99,2,2,5,3,7,7,3,3,3,4,6,6,6,7,7,7,7,7,7,女,18-24岁,本科,30-60分钟,2,2,3,2,5,7,6,6,4.6,5.8,7,1,0,0
100,1,1,1,7,4,6,6,4,4,6,5,6,5,6,5,5,6,5,6,女,18-24岁,本科,1-2小时,2,2,3,3,5,6,5,6,4.8,5.6,5.4,0,1,0
101,2,2,7,1,6,6,6,7,7,5,5,5,5,4,2,2,2,2,2,女,18-24岁,本科,1-2小时,2,2,3,3,4,4,4,4,6.4,4.8,2,1,0,0
102,1,1,1,7,5,5,5,4,5,5,6,6,5,5,5,4,6,5,4,女,18-24岁,本科,30-60分钟,2,2,3,2,4,5,5,4,4.8,5.4,4.8,0,1,0
103,1,2,1,2,6,6,6,6,5,3,3,4,5,7,4,3,3,7,7,女,18-24岁,大专,2小时以上,2,2,2,4,6,4,4,4,5.8,4.4,4.8,0,0,0
104,1,2,2,2,6,7,7,6,6,2,3,3,2,4,4,6,3,4,4,女,18-24岁,本科,2小时以上,2,2,3,4,5,4,4,3,6.4,2.8,4.2,0,0,0
105,1,2,1,2,2,7,6,7,5,1,3,2,3,6,4,5,3,4,2,女,18-24岁,本科,2小时以上,2,2,3,4,6,3,4,4,5.4,3,3.6,0,0,0
106,1,1,2,3,3,3,3,6,4,4,5,5,6,6,4,4,6,5,6,女,18-24岁,本科,2小时以上,2,2,3,4,5,6,6,5,3.8,5.2,5,0,1,0
107,1,2,1,2,7,7,6,6,7,1,1,2,1,2,2,1,3,2,3,女,18-24岁,本科,2小时以上,2,2,3,4,6,2,3,3,6.6,1.4,2.2,0,0,0
108,2,2,6,2,6,7,7,6,7,5,6,7,6,6,5,5,6,6,6,女,18-24岁,本科,2小时以上,2,2,3,4,6,5,5,5,6.6,6,5.6,1,0,0
109,1,1,2,6,2,2,3,1,1,6,5,5,6,6,6,6,7,7,7,女,18-24岁,本科,2小时以上,2,2,3,4,5,6,5,5,1.8,5.6,6.6,0,1,0
110,1,1,1,6,2,5,3,6,3,6,7,3,6,6,6,6,7,7,7,女,18-24岁,硕士及以上,1-2小时,2,2,4,3,5,6,6,6,3.8,5.6,6.6,0,1,0
111,2,1,6,5,3,3,2,2,2,6,6,7,7,6,6,6,7,6,5,女,18-24岁,本科,1-2小时,2,2,3,3,5,6,6,6,2.4,6.4,6,1,1,1
112,1,1,2,7,1,3,3,2,2,7,5,5,6,5,7,6,6,7,6,男,18-24岁,本科,30-60分钟,1,2,3,2,4,7,6,6,2.2,5.6,6.4,0,1,0
113,1,2,1,1,1,5,1,1,5,1,1,1,1,1,7,7,2,7,2,女,18-24岁,本科,2小时以上,2,2,3,4,5,5,5,5,2.6,1,5,0,0,0
114,1,1,2,4,5,5,4,5,5,4,4,4,6,5,4,5,6,5,5,男,18-24岁,本科,2小时以上,1,2,3,4,4,5,5,5,4.8,4.6,5,0,1,0
115,1,2,1,3,1,6,7,6,6,2,1,3,2,2,7,6,7,7,7,男,18-24岁,本科,2小时以上,1,2,3,4,6,5,6,6,5.2,2,6.8,0,0,0
116,2,2,6,4,5,6,6,5,6,4,6,7,6,6,2,1,4,2,3,女,18-24岁,本科,30分钟以内,2,2,3,1,5,4,6,4,5.6,5.8,2.4,1,0,0
117,2,2,4,3,4,2,3,3,3,2,3,4,4,4,7,5,5,7,5,女,18-24岁,本科,2小时以上,2,2,3,4,4,6,7,5,3,3.4,5.8,1,0,0
118,2,1,7,6,2,2,2,2,3,5,6,7,6,7,7,7,6,5,7,女,18-24岁,本科,1-2小时,2,2,3,3,5,6,5,5,2.2,6.2,6.4,1,1,1
119,1,2,1,1,6,7,6,5,5,3,2,5,5,7,4,4,5,6,3,女,18-24岁,本科,30-60分钟,2,2,3,2,5,5,4,5,5.8,4.4,4.4,0,0,0
120,1,2,1,3,6,6,6,6,6,6,3,3,6,6,3,3,5,5,5,女,18-24岁,本科,30分钟以内,2,2,3,1,5,5,4,5,6,4.8,4.2,0,0,0
121,2,1,5,5,5,3,2,3,2,5,6,6,6,6,6,5,7,6,6,男,18-24岁,本科,1-2小时,1,2,3,3,5,7,7,6,3,5.8,6,1,1,1
122,2,1,6,7,1,1,3,2,1,5,6,6,6,5,7,7,6,7,7,男,18-24岁,本科,2小时以上,1,2,3,4,3,6,7,7,1.6,5.6,6.8,1,1,1
123,1,1,1,5,2,5,2,5,3,6,4,4,5,6,4,6,5,5,5,男,25-30岁,本科,1-2小时,1,3,3,3,5,6,6,5,3.4,5,5,0,1,0
124,1,1,1,6,3,2,1,3,3,6,6,5,6,7,7,6,7,6,7,男,25-30岁,硕士及以上,1-2小时,1,3,4,3,2,5,6,6,2.4,6,6.6,0,1,0
125,1,1,1,5,2,1,1,2,1,7,5,6,7,6,6,6,7,7,7,女,25-30岁,本科,1-2小时,2,3,3,3,3,6,5,6,1.4,6.2,6.6,0,1,0
126,1,2,2,2,6,7,4,5,6,4,4,4,5,4,7,6,6,7,5,女,25-30岁,本科,1-2小时,2,3,3,3,4,6,5,5,5.6,4.2,6.2,0,0,0
127,2,1,6,5,4,4,3,6,5,2,6,6,7,5,5,6,5,5,5,女,25-30岁,本科,2小时以上,2,3,3,4,3,5,6,5,4.4,5.2,5.2,1,1,1
128,2,1,7,7,1,2,1,2,2,6,7,7,6,6,7,6,7,7,6,女,25-30岁,本科,1-2小时,2,3,3,3,3,7,6,5,1.6,6.4,6.6,1,1,1
129,2,2,6,1,7,6,3,3,7,4,3,5,5,6,2,5,7,6,5,男,25-30岁,硕士及以上,30-60分钟,1,3,4,2,4,5,5,5,5.2,4.6,5,1,0,0
130,1,1,1,5,1,3,1,1,2,4,5,5,4,5,7,7,5,7,7,女,25-30岁,本科,2小时以上,2,3,3,4,5,7,5,5,1.6,4.6,6.6,0,1,0
131,2,2,6,3,5,6,7,6,6,5,7,5,5,7,5,6,6,5,6,男,25-30岁,硕士及以上,1-2小时,1,3,4,3,5,6,6,5,6,5.8,5.6,1,0,0
132,2,1,7,7,1,1,1,2,1,1,2,1,1,5,6,7,6,7,6,女,25-30岁,本科,1-2小时,2,3,3,3,3,6,7,6,1.2,2,6.4,1,1,1
133,2,2,7,2,5,6,6,7,6,4,6,5,6,6,5,5,6,6,6,女,25-30岁,本科,1-2小时,2,3,3,3,5,6,6,5,6,5.4,5.6,1,0,0
134,1,2,2,3,1,3,2,1,1,3,5,6,7,5,5,7,6,7,6,男,25-30岁,本科,2小时以上,1,3,3,4,6,5,7,6,1.6,5.2,6.2,0,0,0
135,1,2,1,1,1,3,1,2,2,3,1,3,1,2,2,1,2,1,1,男,25-30岁,硕士及以上,30-60分钟,1,3,4,2,5,7,5,7,1.8,2,1.4,0,0,0
136,1,2,2,3,4,7,3,5,5,7,6,7,6,7,7,5,4,7,7,女,25-30岁,本科,2小时以上,2,3,3,4,6,3,5,4,4.8,6.6,6,0,0,0
137,2,1,6,7,2,1,1,2,1,7,6,6,7,6,7,7,6,6,7,男,25-30岁,本科,30-60分钟,1,3,3,2,4,7,5,6,1.4,6.4,6.6,1,1,1
138,1,2,3,2,3,6,6,5,5,3,3,3,3,3,5,5,5,5,5,女,25-30岁,本科,1-2小时,2,3,3,3,5,5,3,3,5,3,5,0,0,0
139,1,1,1,4,6,7,6,6,6,7,7,6,6,7,2,2,4,6,5,女,25-30岁,本科,1-2小时,2,3,3,3,6,4,4,5,6.2,6.6,3.8,0,1,0
140,2,2,6,3,5,7,5,7,5,7,4,7,5,7,6,7,5,6,4,男,25-30岁,硕士及以上,2小时以上,1,3,4,4,4,6,6,5,5.8,6,5.6,1,0,0
141,2,2,6,1,2,3,1,5,2,3,1,3,2,3,6,4,2,3,4,男,25-30岁,本科,1-2小时,1,3,3,3,6,5,7,6,2.6,2.4,3.8,1,0,0
142,1,2,1,1,7,7,7,3,7,6,3,3,6,7,1,2,5,3,7,女,25-30岁,本科,2小时以上,2,3,3,4,6,2,2,2,6.2,5,3.6,0,0,0
143,1,1,1,7,2,3,2,3,2,7,6,6,7,6,6,6,7,5,7,男,25-30岁,硕士及以上,1-2小时,1,3,4,3,3,5,6,6,2.4,6.4,6.2,0,1,0
144,2,1,7,7,2,1,2,1,2,3,3,3,3,3,6,7,6,7,7,女,25-30岁,本科,1-2小时,2,3,3,3,3,5,3,3,1.6,3,6.6,1,1,1
145,1,2,1,1,5,6,6,5,7,4,3,3,6,6,6,6,5,6,5,男,25-30岁,本科,1-2小时,1,3,3,3,5,6,5,5,5.8,4.4,5.6,0,0,0
146,1,1,1,6,5,5,6,6,5,7,7,6,7,7,6,5,6,6,6,女,25-30岁,本科,1-2小时,2,3,3,3,5,6,5,5,5.4,6.8,5.8,0,1,0
147,1,1,3,5,5,5,6,5,5,4,5,5,5,6,5,6,4,5,6,女,25-30岁,硕士及以上,1-2小时,2,3,4,3,5,5,6,6,5.2,5,5.2,0,1,0
148,1,1,2,7,3,3,2,2,3,4,5,6,6,6,6,5,5,7,6,男,25-30岁,本科,1-2小时,1,3,3,3,5,6,5,5,2.6,5.4,5.8,0,1,0
149,1,2,1,2,6,5,7,6,6,7,3,3,6,6,6,7,7,5,5,男,25-30岁,本科,30-60分钟,1,3,3,2,5,6,5,5,6,5,6,0,0,0
150,1,2,1,3,6,7,6,7,6,4,5,6,6,7,3,3,4,5,6,女,25-30岁,本科,30-60分钟,2,3,3,2,5,5,5,5,6.4,5.6,4.2,0,0,0
151,1,2,1,3,7,7,6,4,6,4,2,2,4,4,3,5,6,7,5,女,25-30岁,本科,30-60分钟,2,3,3,2,7,5,5,5,6,3.2,5.2,0,0,0
152,2,1,6,6,2,3,1,1,3,5,7,7,6,6,7,6,7,7,6,女,25-30岁,本科,1-2小时,2,3,3,3,3,5,5,6,2,6.2,6.6,1,1,1
153,2,2,6,2,1,7,2,1,2,3,1,3,1,3,1,3,2,1,1,男,25-30岁,硕士及以上,30-60分钟,1,3,4,2,5,7,4,6,2.6,2.2,1.6,1,0,0
154,2,2,7,3,6,7,5,6,6,5,7,6,6,7,6,5,6,6,6,女,25-30岁,本科,1-2小时,2,3,3,3,6,5,6,5,6,6.2,5.8,1,0,0
155,2,2,6,4,4,5,5,5,4,3,5,5,5,6,5,5,4,5,6,女,25-30岁,硕士及以上,1-2小时,2,3,4,3,5,4,5,5,4.6,4.8,5,1,0,0
156,1,1,3,4,6,5,3,4,3,5,4,6,3,6,3,6,5,2,6,男,25-30岁,本科,30-60分钟,1,3,3,2,5,3,6,7,4.2,4.8,4.4,0,1,0
157,1,2,2,3,7,5,6,4,6,4,3,3,6,5,6,5,7,5,6,男,25-30岁,硕士及以上,1-2小时,1,3,4,3,6,5,5,6,5.6,4.2,5.8,0,0,0
158,2,2,6,3,5,6,7,7,7,3,4,6,3,7,5,5,7,3,2,男,25-30岁,本科,2小时以上,1,3,3,4,5,2,4,4,6.4,4.6,4.4,1,0,0
159,1,1,3,5,2,3,3,2,3,6,5,6,7,6,6,5,6,6,5,男,25-30岁,本科,1-2小时,1,3,3,3,4,5,5,6,2.6,6,5.6,0,1,0
160,1,1,3,5,3,5,1,5,3,5,3,3,5,5,6,7,7,7,7,男,25-30岁,硕士及以上,2小时以上,1,3,4,4,6,5,6,6,3.4,4.2,6.8,0,1,0
161,1,1,2,7,2,6,1,2,1,7,4,4,6,7,7,5,6,5,7,女,25-30岁,本科,1-2小时,2,3,3,3,6,7,5,6,2.4,5.6,6,0,1,0
162,1,1,2,5,5,5,6,5,5,6,6,6,6,7,5,5,6,6,7,女,25-30岁,硕士及以上,1-2小时,2,3,4,3,4,3,3,4,5.2,6.2,5.8,0,1,0
163,1,2,2,3,7,6,7,7,7,7,6,7,7,6,6,6,7,6,7,女,25-30岁,本科,2小时以上,2,3,3,4,6,5,5,4,6.8,6.6,6.4,0,0,0
164,1,1,2,4,6,6,3,5,5,6,7,6,6,6,6,6,7,5,6,男,25-30岁,硕士及以上,1-2小时,1,3,4,3,6,5,6,4,5,6.2,6,0,1,0
165,1,1,3,4,4,5,5,4,5,4,4,4,5,5,5,5,5,5,4,男,25-30岁,本科,2小时以上,1,3,3,4,4,4,4,4,4.6,4.4,4.8,0,1,0
166,2,2,6,1,6,6,4,7,5,1,3,3,2,2,6,6,5,7,6,男,25-30岁,高中及以下,2小时以上,1,3,1,4,6,5,6,6,5.6,2.2,6,1,0,0
167,2,1,6,7,5,7,6,5,5,5,6,7,5,5,6,6,7,5,7,女,25-30岁,硕士及以上,2小时以上,2,3,4,4,5,5,6,5,5.6,5.6,6.2,1,1,1
168,2,2,5,4,6,7,5,6,6,5,6,6,6,6,7,6,5,6,5,男,25-30岁,本科,2小时以上,1,3,3,4,5,6,5,5,6,5.8,5.8,1,0,0
169,1,1,2,7,1,2,2,3,1,6,6,7,6,7,5,6,7,6,7,女,25-30岁,本科,30-60分钟,2,3,3,2,5,6,6,6,1.8,6.4,6.2,0,1,0
170,2,2,7,3,5,5,6,5,6,4,5,6,6,7,6,5,5,6,6,女,25-30岁,本科,1-2小时,2,3,3,3,5,4,6,4,5.4,5.6,5.6,1,0,0
171,1,2,2,3,6,6,7,6,7,6,5,5,6,6,3,3,4,5,5,女,25-30岁,硕士及以上,2小时以上,2,3,4,4,6,5,5,6,6.4,5.6,4,0,0,0
172,2,2,6,3,2,7,4,5,2,3,2,1,3,2,4,6,4,6,2,女,25-30岁,大专,2小时以上,2,3,2,4,5,6,6,5,4,2.2,4.4,1,0,0
173,2,1,6,7,2,3,2,3,2,7,6,6,5,5,6,7,7,6,7,男,25-30岁,本科,1-2小时,1,3,3,3,4,7,6,6,2.4,5.8,6.6,1,1,1
174,2,1,6,7,2,3,3,2,2,4,5,5,6,6,6,6,5,6,5,女,25-30岁,硕士及以上,1-2小时,2,3,4,3,5,7,6,6,2.4,5.2,5.6,1,1,1
175,2,1,7,6,2,3,2,2,1,6,7,7,6,7,6,6,7,7,7,女,25-30岁,本科,30分钟以内,2,3,3,1,3,5,6,6,2,6.6,6.6,1,1,1
176,2,1,5,6,3,2,1,1,1,4,6,6,6,6,5,6,7,6,7,女,25-30岁,本科,2小时以上,2,3,3,4,4,5,5,6,1.6,5.6,6.2,1,1,1
177,1,2,2,3,3,5,6,5,5,2,2,2,3,3,5,5,5,5,4,女,25-30岁,本科,30-60分钟,2,3,3,2,5,3,3,3,4.8,2.4,4.8,0,0,0
178,1,1,2,6,2,2,2,3,3,6,3,3,6,5,6,5,6,6,6,男,25-30岁,本科,30-60分钟,1,3,3,2,3,5,6,5,2.4,4.6,5.8,0,1,0
179,2,1,7,7,2,1,1,2,2,7,6,7,7,7,6,7,6,7,7,女,25-30岁,本科,30分钟以内,2,3,3,1,4,6,6,5,1.6,6.8,6.6,1,1,1
180,2,1,6,7,2,1,1,1,2,6,7,6,7,7,6,7,7,6,7,男,25-30岁,本科,1-2小时,1,3,3,3,4,5,6,6,1.4,6.6,6.6,1,1,1
181,1,2,1,2,7,7,7,7,6,3,4,4,7,7,1,1,1,4,4,男,25-30岁,本科,30-60分钟,1,3,3,2,6,4,4,2,6.8,5,2.2,0,0,0
182,1,1,2,6,5,3,5,4,3,4,5,5,6,6,5,6,7,5,6,男,25-30岁,本科,2小时以上,1,3,3,4,3,5,5,6,4,5.2,5.8,0,1,0
183,2,2,5,3,7,6,7,6,6,6,6,7,6,7,2,4,4,3,7,女,25-30岁,硕士及以上,1-2小时,2,3,4,3,4,5,1,4,6.4,6.4,4,1,0,0
184,2,2,7,4,5,6,6,7,5,4,6,6,6,7,3,4,7,3,5,女,25-30岁,硕士及以上,2小时以上,2,3,4,4,5,4,5,4,5.8,5.8,4.4,1,0,0
185,1,1,2,7,1,1,2,2,1,5,4,5,5,5,7,7,7,6,7,男,30岁以上,本科,30-60分钟,1,4,3,2,5,6,7,6,1.4,4.8,6.8,0,1,0
186,1,1,1,6,1,3,2,1,3,6,5,5,7,6,7,7,7,7,6,女,30岁以上,本科,2小时以上,2,4,3,4,4,5,6,6,2,5.8,6.8,0,1,0
187,1,1,2,7,1,6,5,5,3,7,6,6,7,7,6,5,7,6,7,女,30岁以上,硕士及以上,1-2小时,2,4,4,3,5,6,6,7,4,6.6,6.2,0,1,0
188,1,1,3,5,2,3,2,4,3,5,4,5,6,5,6,7,6,5,6,女,30岁以上,本科,1-2小时,2,4,3,3,5,6,5,6,2.8,5,6,0,1,0
189,1,1,2,7,2,2,1,3,3,5,4,7,7,6,7,6,7,7,6,女,30岁以上,硕士及以上,1-2小时,2,4,4,3,7,7,6,5,2.2,5.8,6.6,0,1,0
190,2,1,7,6,1,3,2,2,1,5,7,6,7,5,6,7,6,6,7,女,30岁以上,硕士及以上,2小时以上,2,4,4,4,4,6,7,6,1.8,6,6.4,1,1,1
191,2,1,6,7,1,3,2,6,3,5,6,6,7,7,6,7,7,6,5,女,30岁以上,本科,1-2小时,2,4,3,3,4,6,5,5,3,6.2,6.2,1,1,1
192,1,1,2,6,2,1,1,2,2,6,5,7,7,6,6,7,6,6,6,女,30岁以上,硕士及以上,1-2小时,2,4,4,3,5,6,6,5,1.6,6.2,6.2,0,1,0
193,1,2,1,3,6,6,5,6,6,4,4,3,5,5,3,4,3,4,4,女,30岁以上,本科,1-2小时,2,4,3,3,6,5,6,4,5.8,4.2,3.6,0,0,0
194,1,1,2,7,2,3,2,2,3,7,6,6,7,5,6,7,6,7,6,女,30岁以上,本科,30-60分钟,2,4,3,2,3,5,6,5,2.4,6.2,6.4,0,1,0
195,1,1,1,7,2,5,1,5,2,7,7,7,7,7,7,7,7,7,7,男,30岁以上,本科,2小时以上,1,4,3,4,5,6,7,7,3,7,7,0,1,0
196,2,2,6,1,3,7,3,3,1,3,2,3,2,3,1,3,1,3,3,女,30岁以上,硕士及以上,30-60分钟,2,4,4,2,5,7,4,6,3.4,2.6,2.2,1,0,0
197,2,1,6,6,2,3,1,2,2,5,7,6,6,6,6,7,5,6,5,女,30岁以上,硕士及以上,1-2小时,2,4,4,3,3,5,6,5,2,6,5.8,1,1,1
198,2,1,6,6,1,2,3,1,1,5,7,6,4,5,7,6,4,7,7,女,30岁以上,硕士及以上,30-60分钟,2,4,4,2,2,5,7,6,1.6,5.4,6.2,1,1,1
199,2,1,7,7,1,3,2,2,1,6,7,7,7,7,7,7,7,6,7,男,30岁以上,本科,2小时以上,1,4,3,4,3,7,7,6,1.8,6.8,6.8,1,1,1
200,2,1,5,6,2,3,2,2,3,5,6,5,5,6,6,6,7,6,6,男,30岁以上,本科,1-2小时,1,4,3,3,4,5,5,5,2.4,5.4,6.2,1,1,1
201,1,1,1,7,1,3,2,2,3,5,7,6,7,5,5,7,6,6,5,女,30岁以上,本科,1-2小时,2,4,3,3,4,4,5,4,2.2,6,5.8,0,1,0
202,1,2,1,2,2,6,6,6,6,3,3,3,3,4,5,5,4,4,4,女,30岁以上,本科,1-2小时,2,4,3,3,5,5,5,6,5.2,3.2,4.4,0,0,0
203,2,1,7,7,1,1,1,2,1,1,2,2,7,7,7,7,7,7,7,男,30岁以上,硕士及以上,1-2小时,1,4,4,3,6,7,7,7,1.2,3.8,7,1,1,1
204,1,1,1,7,2,3,5,6,2,7,6,6,7,5,6,7,7,6,6,女,30岁以上,本科,30-60分钟,2,4,3,2,5,6,5,6,3.6,6.2,6.4,0,1,0
205,1,2,1,1,5,7,7,7,7,4,6,6,6,7,3,3,3,3,3,女,30岁以上,本科,30-60分钟,2,4,3,2,6,5,6,5,6.6,5.8,3,0,0,0
206,2,2,7,3,7,7,6,7,7,5,7,7,6,7,3,3,2,2,3,女,30岁以上,本科,30-60分钟,2,4,3,2,6,3,3,2,6.8,6.4,2.6,1,0,0
207,2,1,7,7,1,2,2,3,2,7,5,6,7,5,6,7,5,5,5,女,30岁以上,硕士及以上,2小时以上,2,4,4,4,5,5,6,6,2,6,5.6,1,1,1
208,1,1,1,7,2,3,1,2,2,5,7,6,7,6,6,6,5,7,6,女,30岁以上,硕士及以上,1-2小时,2,4,4,3,5,5,6,5,2,6.2,6,0,1,0
209,2,1,7,7,1,1,2,2,3,7,6,6,7,7,7,6,7,6,7,女,30岁以上,本科,30-60分钟,2,4,3,2,4,5,5,5,1.8,6.6,6.6,1,1,1
210,2,1,7,7,1,2,3,2,2,6,7,7,7,7,7,7,7,6,7,男,30岁以上,本科,1-2小时,1,4,3,3,5,7,7,7,2,6.8,6.8,1,1,1
211,2,1,6,6,3,1,2,1,1,7,5,6,6,6,6,7,7,5,7,男,30岁以上,本科,2小时以上,1,4,3,4,3,6,5,4,1.6,6,6.4,1,1,1
212,2,1,6,7,1,2,3,2,1,5,5,6,6,6,6,7,7,6,6,男,30岁以上,本科,1-2小时,1,4,3,3,3,6,6,7,1.8,5.6,6.4,1,1,1
213,1,1,2,6,2,2,1,1,1,6,7,6,7,7,7,7,6,7,6,女,30岁以上,本科,1-2小时,2,4,3,3,3,7,6,6,1.4,6.6,6.6,0,1,0
214,1,1,2,3,5,6,6,6,7,2,3,2,2,2,6,6,6,7,2,女,18-24岁,本科,1-2小时,2,2,3,3,5,6,6,6,6,2.2,5.4,0,1,0
215,1,1,1,4,6,7,7,6,5,4,2,4,2,3,2,2,6,1,5,女,18-24岁,本科,2小时以上,2,2,3,4,6,6,5,2,6.2,3,3.2,0,1,0
216,1,1,2,4,5,5,6,5,5,3,3,2,3,3,3,3,3,3,5,男,25-30岁,本科,2小时以上,1,3,3,4,4,4,5,5,5.2,2.8,3.4,0,1,0
